n_papers,n_clusters_found,time_sec,papers_per_sec,param_n_clusters
100,3,0.38182711601257324,261.89863371753586,Auto
500,2,1.3545920848846436,369.114809970693,Auto
1000,2,3.1229100227355957,320.2141568984506,Auto
2000,2,7.023583889007568,284.7549102574469,Auto
3000,2,11.993005990982056,250.1457934946252,Auto
4000,2,13.46227216720581,297.1266625959344,Auto
5000,2,17.248329877853394,289.8831385651968,Auto
