n_papers,n_clusters_found,time_sec,papers_per_sec,param_n_clusters
100,3,0.3799781799316406,263.17300645524,Auto
500,2,1.378615140914917,362.6828004138815,Auto
1000,2,2.8195810317993164,354.6626214043757,Auto
2000,2,5.263044118881226,380.00821479435814,Auto
3000,2,9.813606977462769,305.6979973713627,Auto
4000,2,14.408650159835815,277.61101530176785,Auto
5000,2,17.02353310585022,293.71106273360647,Auto
