n_papers,n_clusters_found,time_sec,papers_per_sec,param_n_clusters
100,3,0.43611907958984375,229.2951734513584,Auto
500,2,1.5091428756713867,331.3138921837074,Auto
1000,2,3.376335859298706,296.17906561218365,Auto
2000,2,6.8710081577301025,291.078100052892,Auto
3000,2,10.781245946884155,278.2609741749763,Auto
4000,2,15.257966041564941,262.1581401546846,Auto
5000,2,19.700367212295532,253.80237566736142,Auto
