n_papers,n_clusters_found,time_sec,papers_per_sec,param_n_clusters
100,3,0.41240596771240234,242.47951734233035,Auto
500,2,1.6240639686584473,307.8696465466341,Auto
1000,2,3.4613161087036133,288.9074469348411,Auto
2000,2,6.938070058822632,288.2646014011847,Auto
3000,2,9.883030891418457,303.5506043601394,Auto
4000,2,13.4516921043396,297.3603594977895,Auto
5000,2,20.54901671409607,243.32064495184022,Auto
