n_papers,n_clusters_found,time_sec,papers_per_sec,param_n_clusters
100,3,0.3530600070953369,283.23797085575023,Auto
500,2,1.606039047241211,311.3249337610314,Auto
1000,2,2.835391044616699,352.6850385940979,Auto
2000,2,6.182871103286743,323.47431582987764,Auto
3000,2,10.046675205230713,298.6062492035252,Auto
4000,2,12.495196104049683,320.12302701704726,Auto
5000,2,17.59951877593994,284.0986769953864,Auto
