query,jaccard_dense_hybrid,jaccard_sparse_hybrid,jaccard_dense_sparse,n_results_dense,n_results_sparse,n_results_hybrid,param_limit,param_alpha_dense,param_alpha_sparse,param_alpha_hybrid
Transformer,0.011122345803842264,0.7452006980802792,0.003009027081243731,500,500,500,500,1.0,0.0,0.5
Corona,0.004016064257028112,0.7452006980802792,0.001001001001001001,500,500,500,500,1.0,0.0,0.5
Entropy,0.145475372279496,0.1210762331838565,0.02459016393442623,500,500,500,500,1.0,0.0,0.5
Token,0.08695652173913043,0.1574074074074074,0.030927835051546393,500,500,500,500,1.0,0.0,0.5
Attention,0.3089005235602094,0.22549019607843138,0.06496272630457935,500,500,500,500,1.0,0.0,0.5
Neural Networks,0.16414435389988358,0.11234705228031146,0.02774922918807811,500,500,500,500,1.0,0.0,0.5
Diffusion,0.04384133611691023,0.40646976090014064,0.008064516129032258,500,500,500,500,1.0,0.0,0.5
