stage,avg_time_sec,percent_time_sec
Hybrid Search,1.5330201784769695,39.01414211375662
Concept Clustering,2.3894209067026773,60.80885831280655
Era Detection,0.0026994281344943577,0.06869829526292692
Pivotal Paper ID,0.004255586200290256,0.10830127817391924
Total,3.929396099514431,100.00000000000003
