query,n_papers,n_clusters,search_time_sec,cluster_time_sec,era_detection_time_sec,pivotal_papers_time_sec,total_time_sec,param_limit,param_alpha,param_n_clusters,param_max_eras,param_pivotal_k
Transformer,1000,2,6.518985033035278,2.442500114440918,0.00798797607421875,0.004625797271728516,8.974098920822144,1000,0.5,Auto,5,3
Corona,1000,2,1.0355939865112305,2.136018991470337,0.0019221305847167969,0.0036737918853759766,3.17720890045166,1000,0.5,Auto,5,3
Entropy,1000,2,0.8959176540374756,2.297186851501465,0.0019109249114990234,0.0036721229553222656,3.1986875534057617,1000,0.5,Auto,5,3
Token,1000,2,0.7799789905548096,2.538097858428955,0.0023212432861328125,0.0037398338317871094,3.3241379261016846,1000,0.5,Auto,5,3
Deep Learning,1000,2,0.8431830406188965,2.4705421924591064,0.001857757568359375,0.0039370059967041016,3.3195199966430664,1000,0.5,Auto,5,3
CRISPR,1000,4,0.8237261772155762,2.25704288482666,0.0028679370880126953,0.0068683624267578125,3.090505361557007,1000,0.5,Auto,5,3
Climate Change,1000,2,0.8421907424926758,2.4901318550109863,0.001814126968383789,0.003654956817626953,3.337791681289673,1000,0.5,Auto,5,3
Diffusion,1000,2,1.0220370292663574,2.5635273456573486,0.001710653305053711,0.004050254821777344,3.591325283050537,1000,0.5,Auto,5,3
Vector,1000,2,1.0355689525604248,2.3097400665283203,0.0019021034240722656,0.0040781497955322266,3.3512892723083496,1000,0.5,Auto,5,3
