query,n_papers,n_clusters,search_time_sec,cluster_time_sec,era_detection_time_sec,pivotal_papers_time_sec,total_time_sec,param_limit,param_alpha,param_n_clusters,param_max_eras,param_pivotal_k
Transformer,1000,2,3.1483898162841797,2.7702560424804688,0.009306669235229492,0.004458189010620117,5.932410717010498,1000,0.5,Auto,5,3
Corona,1000,2,3.2501449584960938,2.5629239082336426,0.0017898082733154297,0.0036711692810058594,5.818529844284058,1000,0.5,Auto,5,3
Entropy,1000,2,1.1258277893066406,2.963547945022583,0.001725912094116211,0.003644227981567383,4.094745874404907,1000,0.5,Auto,5,3
Token,1000,2,1.112239122390747,3.1231539249420166,0.001867055892944336,0.0036847591400146484,4.240944862365723,1000,0.5,Auto,5,3
Deep Learning,1000,2,0.7277648448944092,2.9612061977386475,0.0018429756164550781,0.003777027130126953,3.6945910453796387,1000,0.5,Auto,5,3
CRISPR,1000,4,0.7494478225708008,3.0372836589813232,0.0030252933502197266,0.007045745849609375,3.796802520751953,1000,0.5,Auto,5,3
Climate Change,1000,2,0.8913459777832031,2.7907748222351074,0.0018849372863769531,0.0036711692810058594,3.6876769065856934,1000,0.5,Auto,5,3
Diffusion,1000,2,1.0673692226409912,2.7438929080963135,0.0018057823181152344,0.003644227981567383,3.8167121410369873,1000,0.5,Auto,5,3
Vector,1000,2,3.141409158706665,2.9101638793945312,0.0017812252044677734,0.0036330223083496094,6.056987285614014,1000,0.5,Auto,5,3
