query,n_papers,n_clusters,search_time_sec,cluster_time_sec,era_detection_time_sec,pivotal_papers_time_sec,total_time_sec,param_limit,param_alpha,param_n_clusters,param_max_eras,param_pivotal_k
Transformer,1000,2,1.7227709293365479,4.337082862854004,0.009586095809936523,0.004412174224853516,6.073852062225342,1000,0.5,Auto,5,3
Corona,1000,2,1.0638737678527832,2.8501601219177246,0.0017962455749511719,0.00399470329284668,3.9198248386383057,1000,0.5,Auto,5,3
Entropy,1000,2,0.9981801509857178,2.6696789264678955,0.0019199848175048828,0.0036840438842773438,3.6734631061553955,1000,0.5,Auto,5,3
Token,1000,2,0.9758861064910889,3.0859968662261963,0.0022041797637939453,0.0036818981170654297,4.0677690505981445,1000,0.5,Auto,5,3
Deep Learning,1000,2,0.8948252201080322,3.009665012359619,0.0026988983154296875,0.003679990768432617,3.9108691215515137,1000,0.5,Auto,5,3
CRISPR,1000,4,0.852898120880127,2.8125030994415283,0.003083944320678711,0.006968975067138672,3.6754541397094727,1000,0.5,Auto,5,3
Climate Change,1000,2,1.1182122230529785,2.871201992034912,0.0017991065979003906,0.00372314453125,3.994936466217041,1000,0.5,Auto,5,3
Diffusion,1000,2,1.0017619132995605,2.9015629291534424,0.0017788410186767578,0.0038709640502929688,3.9089746475219727,1000,0.5,Auto,5,3
Vector,1000,2,0.9615082740783691,2.550666093826294,0.0017120838165283203,0.003963947296142578,3.517850399017334,1000,0.5,Auto,5,3
