stage,avg_time_sec,percent_time_sec
Hybrid Search,1.248832517200046,31.34490554622426
Concept Clustering,2.728378083970812,68.4805625723102
Era Detection,0.0027928087446424696,0.07009773136413662
Pivotal Paper ID,0.004160828060574002,0.1044341501013942
Total,3.984164237976074,100.00000000000001
