query,jaccard_dense_hybrid,jaccard_sparse_hybrid,jaccard_dense_sparse,n_results_dense,n_results_sparse,n_results_hybrid,param_limit,param_alpha_dense,param_alpha_sparse,param_alpha_hybrid
Transformer,0.0,0.9230769230769231,0.0,50,50,50,50,1.0,0.0,0.5
Corona,0.0,0.9607843137254902,0.0,50,50,50,50,1.0,0.0,0.5
Entropy,0.010101010101010102,0.47058823529411764,0.0,50,50,50,50,1.0,0.0,0.5
Token,0.0,0.3157894736842105,0.0,50,50,50,50,1.0,0.0,0.5
Attention,0.16279069767441862,0.21951219512195122,0.08695652173913043,50,50,50,50,1.0,0.0,0.5
Neural Networks,0.06382978723404255,0.3698630136986301,0.010101010101010102,50,50,50,50,1.0,0.0,0.5
Diffusion,0.0,0.7543859649122807,0.0,50,50,50,50,1.0,0.0,0.5
